i_id,name
1,Butter
2,Milk
3,Yeast
4,Eggs
5,Sugar
6,Salt
7,Cardamom
8,Flour
9,Raisins
10,Vanilla
11,Oil
12,Baking powder
13,Powdered sugar
14,Light syrup
15,Dark chocolate
16,Oreos
17,Cinnamon
18,Bananas
19,Brown sugar
20,Cocoa
21,Digestive biscuits
22,Almonds
23,Gelatin
24,Cream cheese
25,Greek yoghurt
26,Frozen strawberries
27,Lemon
28,Strawberries
29,Desiccated coconut
30,Creme fraiche
31,Apples
32,Blueberries
33,Heavy cream
34,Honey
35,Coffee
36,Amaretto
37,Mascarpone
38,Ladyfingers
39,Sausage
40,Corn starch 
41,Hazelnuts
42,Durum wheat
43,Pizza sauce
44,Pepperoni
45,Mozzarella
46,Oregano
47,Mint
48,Almond flour
49,Lime
50,Condensed milk
51,Poppy seeds
52,Sesame seeds
53,Marzipan
54,Rose water
55,Pistachio
56,Walnuts
57,Phyllo dough
58,Sourdough
59,Baking soda
60,White chocolate
61,Wheat biscuits